rank,title,Previous Rank,Revenues ($M),Revenue Change %,Profits ($M),Profit Change %,Assets ($M),Mkt Value as of 3/29/18 ($M),Employees,Rank increase
1,Walmart,1,500343.0,3.0,9862.0,-27.7,204522.0,263563.0,2300000,0
2,Exxon Mobil,4,244363.0,17.4,19710.0,151.4,348691.0,316157.0,71200,2
3,Berkshire Hathaway,2,242137.0,8.3,44940.0,86.7,702095.0,492008.0,377000,-1
4,Apple,3,229234.0,6.3,48351.0,5.8,375319.0,851318.0,123000,-1
5,UnitedHealth Group,6,201159.0,8.8,10558.0,50.5,139058.0,207080.0,260000,1
6,McKesson,5,198533.0,3.1,5070.0,124.5,60969.0,29067.0,64500,-1
7,CVS Health,7,184765.0,4.1,6622.0,24.5,95131.0,63114.0,203000,0
8,Amazon.com,12,177866.0,30.8,3033.0,27.9,131310.0,700668.0,566000,4
9,AT&T,9,160546.0,-2.0,29450.0,127.0,444097.0,218946.0,254000,0
10,General Motors,8,157311.0,-5.5,,-141.0,212482.0,50972.0,180000,-2
11,Ford Motor,10,156776.0,3.3,7602.0,65.4,257808.0,44244.0,202000,-1
12,AmerisourceBergen,11,153144.0,4.3,364.5,-74.5,35317.0,18938.0,19500,-1
13,Chevron,19,134533.0,25.1,9195.0,,253806.0,217845.0,51900,6
14,Cardinal Health,15,129976.0,6.9,1288.0,-9.7,40112.0,19726.0,40400,1
15,Costco,16,129025.0,8.7,2679.0,14.0,36347.0,82687.0,182000,1
16,Verizon,14,126034.0,0.0,30101.0,129.3,257143.0,197497.0,155400,-2
17,Kroger,18,122662.0,6.4,1907.0,-3.4,37197.0,20828.0,449000,1
18,General Electric,13,122274.0,-3.5,,-165.5,377945.0,117054.0,313000,-5
19,Walgreens Boots Alliance,17,118214.0,0.7,4078.0,-2.3,66009.0,64924.0,290000,-2
20,JPMorgan Chase,21,113899.0,8.0,24441.0,-1.2,2533600.0,375043.0,252539,1
21,Fannie Mae,20,112394.0,4.9,2463.0,-80.0,3345529.0,1633.0,7200,-1
22,Alphabet,27,110855.0,22.8,12662.0,-35.0,197295.0,719124.0,80110,5
23,Home Depot,23,100904.0,6.7,8630.0,8.5,44529.0,206272.0,413000,0
24,Bank of America Corp.,26,100264.0,7.0,18232.0,1.8,2281234.0,306618.0,209376,2
25,Express Scripts Holding,22,100065.0,-0.2,4517.4,32.7,54256.0,38791.0,26600,-3
26,Wells Fargo,25,97741.0,3.8,22183.0,1.1,1951757.0,255556.0,262700,-1
27,Boeing,24,93392.0,-1.2,8197.0,67.5,92333.0,192539.0,140800,-3
28,Phillips 66,34,91568.0,26.5,5106.0,228.4,54371.0,44730.0,14600,6
29,Anthem,29,90040.0,6.1,3842.8,55.6,70540.0,56182.0,56000,0
30,Microsoft,28,89950.0,5.4,21204.0,26.2,241086.0,702760.0,124000,-2
31,Valero Energy,37,88407.0,26.0,4065.0,77.6,50158.0,39977.0,10015,6
32,Citigroup,30,87966.0,6.8,,-145.6,1842465.0,172822.0,209000,-2
33,Comcast,31,84526.0,5.1,22714.0,161.2,186949.0,158703.0,164000,-2
34,IBM,32,79139.0,-1.0,5753.0,-51.5,125356.0,141335.0,397800,-2
35,Dell Technologies,41,78660.0,21.4,,,122281.0,,145000,6
36,State Farm Insurance Cos.,33,78331.0,2.9,2206.5,529.9,272345.0,,65664,-3
37,Johnson & Johnson,35,76450.0,6.3,1300.0,-92.1,157303.0,343780.0,134000,-2
38,Freddie Mac,39,74676.0,13.7,5625.0,-28.0,2049776.0,878.0,6165,1
39,Target,38,71879.0,3.4,2934.0,7.2,38999.0,37409.0,345000,-1
40,Lowes,40,68619.0,5.5,3447.0,11.4,35291.0,72812.0,255000,0
41,Marathon Petroleum,51,67610.0,21.0,3432.0,192.3,49047.0,34683.0,43800,10
42,Procter & Gamble,36,66217.0,-7.7,15326.0,45.9,120406.0,199865.0,95000,-6
43,MetLife,42,66153.0,4.2,4010.0,401.3,719892.0,47572.0,49000,-1
44,UPS,46,65872.0,8.2,4910.0,43.1,45403.0,90156.0,346415,2
45,PepsiCo,44,63525.0,1.2,4857.0,-23.3,79804.0,154933.0,263000,-1
46,Intel,47,62761.0,5.7,9601.0,-6.9,123249.0,243109.0,102700,1
47,DowDuPont,62,62683.0,30.2,1460.0,-66.2,192164.0,148186.0,98000,15
48,Archer Daniels Midland,45,60828.0,-2.4,1595.0,24.7,39963.0,24238.0,31300,-3
49,Aetna,43,60535.0,-4.1,1904.0,-16.2,55151.0,55229.0,47950,-6
50,FedEx,58,60319.0,19.8,2997.0,64.7,48552.0,64161.0,357000,8
51,United Technologies,50,59837.0,4.5,4552.0,-10.0,96920.0,100667.0,204700,-1
52,Prudential Financial,48,59689.0,1.5,7863.0,80.0,831921.0,43686.0,49705,-4
53,Albertsons Cos.,49,59678.0,1.6,,,23755.0,,273000,-4
54,Sysco,57,55371.0,9.9,1142.5,20.3,17757.0,31294.0,66500,3
55,Disney,52,55137.0,-0.9,8980.0,-4.4,95789.0,151029.0,199000,-3
56,Humana,53,53767.0,-1.1,2448.0,298.7,27178.0,37122.0,45900,-3
57,Pfizer,54,52546.0,-0.5,21308.0,195.3,171797.0,211115.0,90200,-3
58,HP,61,52056.0,7.9,2526.0,1.2,32913.0,35893.0,49000,3
59,Lockheed Martin,56,51048.0,0.8,2002.0,-62.2,46521.0,96589.0,100000,-3
60,AIG,55,49520.0,-5.4,,,498301.0,49145.0,49800,-5
61,Centene,66,48572.0,19.3,828.0,47.3,21855.0,18704.0,33700,5
62,Cisco Systems,60,48005.0,-2.5,9609.0,-10.5,129818.0,206623.0,72900,-2
63,HCA Healthcare,63,47653.0,6.5,2216.0,-23.3,36593.0,34165.0,221491,0
64,Energy Transfer Equity,79,47487.0,26.6,954.0,-4.1,86246.0,15335.0,29486,15
65,Caterpillar,74,45462.0,18.0,754.0,,76962.0,88078.0,98400,9
66,Nationwide,68,43940.0,9.6,246.5,-26.2,221257.0,,33135,2
67,Morgan Stanley,76,43642.0,15.0,6111.0,2.2,851733.0,96688.0,57633,9
68,Liberty Mutual Insurance Group,75,42687.0,11.4,17.0,-98.3,142502.0,,50000,7
69,New York Life Insurance,65,42296.0,3.7,1866.9,71.6,303183.0,,11114,-4
70,Goldman Sachs Group,78,42254.0,12.0,4286.0,-42.1,916776.0,95463.0,36600,8
71,American Airlines Group,67,42207.0,5.0,1919.0,-28.3,51396.0,24584.0,126600,-4
72,Best Buy,72,42151.0,7.0,1000.0,-18.6,13049.0,20460.0,125000,0
73,Cigna,70,41616.0,4.9,2237.0,19.8,61753.0,40735.0,46000,-3
74,Charter Communications,96,41581.0,43.4,9895.0,180.9,146623.0,80954.0,94800,22
75,Delta Air Lines,71,41244.0,4.0,3577.0,-18.2,53292.0,38746.0,86564,-4
76,Facebook,98,40653.0,47.1,15934.0,56.0,84524.0,464190.0,25105,22
77,Honeywell International,73,40534.0,3.1,1655.0,-65.6,59387.0,108149.0,131000,-4
78,Merck,69,40122.0,0.8,2394.0,-38.9,87872.0,146862.0,69000,-9
79,Allstate,84,38524.0,5.4,3189.0,69.9,112422.0,33478.0,42680,5
80,Tyson Foods,82,38260.0,3.7,1774.0,0.3,28066.0,29233.0,122000,2
81,United Continental Holdings,83,37736.0,3.2,2131.0,-5.8,42326.0,19778.0,89800,2
82,Oracle,81,37728.0,1.8,9335.0,4.9,134991.0,186766.0,138000,-1
83,Tech Data,107,36775.0,40.2,116.6,-40.2,12653.0,3249.0,14000,24
84,TIAA,80,36025.0,-2.9,1049.7,-29.7,583632.0,,16829,-4
85,TJX,87,35865.0,8.1,2607.9,13.5,14058.0,51571.0,249000,2
86,American Express,86,35583.0,5.2,2736.0,-49.4,181159.0,80234.0,55000,0
87,Coca-Cola,64,35410.0,-15.4,1248.0,-80.9,87896.0,185207.0,61800,-23
88,Publix Super Markets,85,34837.0,1.6,2291.9,13.1,18184.0,,193000,-3
89,Nike,88,34350.0,6.1,4240.0,12.8,23259.0,108094.0,74400,-1
90,Andeavor,117,34204.0,42.5,1528.0,108.2,28573.0,15386.0,14300,27
91,World Fuel Services,103,33696.0,24.7,,-234.5,5588.0,1661.0,5000,12
92,Exelon,89,33531.0,6.9,3770.0,232.5,116700.0,37644.0,34621,-3
93,Massachusetts Mutual Life Insurance,77,33495.0,-11.4,513.0,-59.7,288855.0,,11811,-16
94,Rite Aid,91,32845.0,6.9,4.1,-97.6,11594.0,1793.0,70430,-3
95,ConocoPhillips,115,32584.0,33.8,,,73362.0,69641.0,11400,20
96,CHS,93,31935.0,5.2,127.9,-69.9,15974.0,,11626,-3
97,3M,94,31657.0,5.1,4858.0,-3.8,37987.0,130550.0,91536,-3
98,Time Warner,95,31271.0,6.7,5247.0,33.6,69209.0,73758.0,26000,-3
99,General Dynamics,90,30973.0,-1.2,2912.0,-1.5,35046.0,65845.0,98600,-9
100,USAA,102,30016.0,10.6,2421.9,36.1,155391.0,,32705,2
101,Capital One Financial,100,29999.0,9.0,1982.0,-47.2,365693.0,46584.0,49300,-1
102,Deere,105,29738.0,11.6,2159.1,41.7,65786.0,50291.0,60476,3
103,INTL FCStone,189,29424.0,99.4,6.4,-88.3,6243.0,804.0,1607,86
104,Northwestern Mutual,97,29331.0,1.8,1017.0,24.3,265049.0,,5437,-7
105,Enterprise Products Partners,122,29242.0,27.0,2799.3,11.4,54418.0,52904.0,7000,17
106,Travelers Cos.,99,28902.0,4.6,2056.0,-31.8,103483.0,37691.0,30800,-7
107,Hewlett Packard Enterprise,59,28871.0,-42.4,344.0,-89.1,61406.0,27243.0,66000,-48
108,Philip Morris International,104,28748.0,7.7,6035.0,-13.4,42968.0,154514.0,80600,-4
109,Twenty-First Century Fox,101,28500.0,4.3,2952.0,7.2,50724.0,67969.0,21700,-8
110,AbbVie,111,28216.0,10.1,5309.0,-10.8,70786.0,150180.0,29000,1
111,Abbott Laboratories,135,27390.0,31.3,477.0,-65.9,76250.0,104640.0,99000,24
112,Progressive,120,26839.0,14.5,1592.2,54.4,38701.0,35478.0,33656,8
113,Arrow Electronics,118,26813.0,12.5,402.0,-23.1,16463.0,6750.0,18800,5
114,Kraft Heinz,106,26232.0,-1.0,10999.0,202.8,120232.0,75920.0,39000,-8
115,Plains GP Holdings,141,26223.0,29.9,,-877.7,26753.0,6328.0,4850,26
116,Gilead Sciences,92,26107.0,-14.1,4628.0,-65.7,70283.0,98298.0,10000,-24
117,Mondelez International,109,25896.0,-0.1,2922.0,76.1,63109.0,62066.0,83000,-8
118,Northrop Grumman,114,25803.0,5.3,2015.0,-8.4,34917.0,60778.0,70000,-4
119,Raytheon,116,25348.0,5.3,2024.0,-8.5,30860.0,62265.0,64000,-3
120,Macys,110,24837.0,-3.7,1547.0,149.9,19381.0,9065.0,130000,-10
121,US Foods Holding,124,24147.0,5.4,444.3,111.8,9037.0,7065.0,25204,3
122,U.S. Bancorp,125,23996.0,5.5,6218.0,5.6,462040.0,83367.0,72402,3
123,Dollar General,128,23471.0,6.8,1539.0,23.0,12517.0,25141.0,129000,5
124,International Paper,133,23302.0,10.5,2144.0,137.2,33903.0,22063.0,56000,9
125,Duke Energy,121,23189.0,-0.8,3059.0,42.1,137914.0,54276.0,29060,-4
126,Southern,145,23031.0,15.8,842.0,-65.6,111005.0,45024.0,31344,19
127,Marriott International,163,22894.0,34.1,1372.0,75.9,23948.0,48531.0,177000,36
128,Avnet,108,22872.0,-12.8,525.3,3.7,9700.0,5009.0,15700,-20
129,Eli Lilly,132,22871.0,7.8,,-107.5,44981.0,84542.0,40655,3
130,Amgen,123,22849.0,-0.6,1979.0,-74.4,79954.0,122842.0,20800,-7
131,McDonalds,112,22820.0,-7.3,5192.3,10.8,33804.0,124244.0,235000,-19
132,Starbucks,131,22387.0,5.0,2884.7,2.4,14366.0,81370.0,277000,-1
133,Qualcomm,119,22291.0,-5.4,2466.0,-56.8,65486.0,82027.0,33800,-14
134,Dollar Tree,136,22246.0,7.4,1714.3,91.3,16333.0,22523.0,116200,2
135,PBF Energy,172,21787.0,36.8,415.5,143.3,8118.0,3752.0,3165,37
136,Icahn Enterprises,168,21744.0,33.0,2430.0,,31801.0,9901.0,89034,32
137,Aflac,126,21667.0,-4.0,4604.0,73.1,137217.0,34038.0,11318,-11
138,AutoNation,129,21535.0,-0.3,434.6,1.0,10272.0,4296.0,26000,-9
139,Penske Automotive Group,142,21389.0,6.2,613.3,78.9,10541.0,3817.0,26000,3
140,Whirlpool,137,21253.0,2.6,350.0,-60.6,20038.0,10824.0,92000,-3
141,Union Pacific,143,21240.0,6.5,10712.0,153.1,57806.0,104261.0,41992,2
142,Southwest Airlines,138,21171.0,3.7,3488.0,55.4,25110.0,33678.0,56110,-4
143,ManpowerGroup,146,21034.0,7.0,545.4,22.9,8884.0,7614.0,29000,3
144,Thermo Fisher Scientific,154,20918.0,14.5,2225.0,10.1,56669.0,82952.0,66100,10
145,Bristol-Myers Squibb,147,20776.0,6.9,1007.0,-77.4,33551.0,103415.0,23700,2
146,Halliburton,173,20620.0,29.8,,,25085.0,41068.0,55000,27
147,Tenet Healthcare,134,20613.0,-2.2,,,23385.0,2452.0,111980,-13
148,Lear,151,20467.0,10.3,1313.4,34.7,11946.0,12453.0,165000,3
149,Cummins,159,20428.0,16.7,999.0,-28.3,18075.0,26757.0,58600,10
150,Micron Technology,226,20322.0,63.9,5089.0,,35336.0,60470.0,34100,76
151,Nucor,169,20252.0,25.0,1318.7,65.6,15841.0,19432.0,25100,18
152,Molina Healthcare,156,19883.0,11.8,,-1084.6,8471.0,4867.0,20000,4
153,Fluor,149,19521.0,2.5,191.4,-32.0,9328.0,8006.0,56706,-4
154,Altria Group,148,19494.0,0.8,10222.0,-28.2,43202.0,118436.0,8300,-6
155,Paccar,164,19456.0,14.2,1675.2,221.1,23440.0,23298.0,25000,9
156,Hartford Financial Services,153,19228.0,5.1,,-449.4,225260.0,18392.0,16400,-3
157,Kohls,150,19095.0,2.2,859.0,54.5,13340.0,11021.0,85000,-7
158,Western Digital,217,19093.0,46.9,397.0,64.0,29860.0,27456.0,67629,59
159,Jabil,152,19063.1,3.9,129.1,-49.2,11096.0,5035.0,170000,-7
160,Community Health Systems,130,18477.0,-13.6,,,17450.0,454.0,86000,-30
161,Visa,187,18358.0,21.7,6699.0,11.8,67977.0,270222.0,15000,26
162,Danaher,144,18330.0,-7.9,2492.1,-2.4,46649.0,68385.0,67000,-18
163,Kimberly-Clark,155,18259.0,0.3,2278.0,5.2,15151.0,38553.0,42000,-8
164,AECOM,161,18203.0,4.6,339.4,253.1,14397.0,5671.0,87000,-3
165,PNC Financial Services,166,18035.0,9.8,5338.0,36.8,380768.0,71323.0,51632,1
166,CenturyLink,160,17656.0,1.1,1389.0,121.9,75611.0,17578.0,51000,-6
167,NextEra Energy,170,17195.0,6.4,5378.0,84.7,97827.0,76895.0,14000,3
168,PG& E Corp.,157,17135.0,-3.0,1646.0,18.2,68012.0,22664.0,23000,-11
169,Synnex,198,17046.0,21.2,301.2,28.2,7699.0,4702.0,113600,29
170,WellCare Health Plans,195,17007.0,19.5,373.7,54.4,8365.0,8622.0,8900,25
171,Performance Food Group,171,16762.0,4.1,96.3,41.0,3804.0,3104.0,14000,0
172,Sears Holdings,127,16702.0,-24.6,,,7262.0,288.0,89000,-45
173,Synchrony Financial,185,16695.0,10.4,1935.0,-14.0,95808.0,25490.0,16000,12
174,CarMax,174,16637.0,5.1,627.0,0.6,16279.0,11202.0,24344,0
175,Bank of New York Mellon,177,16621.0,6.0,4090.0,15.3,371758.0,51919.0,52500,2
176,Freeport-McMoRan,175,16416.0,4.0,1817.0,,37302.0,25439.0,25200,-1
177,Genuine Parts,180,16309.0,6.3,616.8,-10.3,12412.0,13183.0,48000,3
178,Emerson Electric,139,16301.0,-19.6,1518.0,-7.2,19589.0,43359.0,76500,-39
179,DaVita,181,16038.0,5.5,663.6,-24.6,18948.0,12001.0,74500,2
180,Supervalu,158,16009.0,-8.7,650.0,265.2,3580.0,585.0,29000,-22
181,Gap,178,15855.0,2.2,848.0,25.4,7989.0,12147.0,135000,-3
182,General Mills,165,15620.0,-5.7,1657.5,-2.4,21813.0,26716.0,38000,-17
183,Nordstrom,188,15478.0,4.9,437.0,23.4,8115.0,8123.0,76000,5
184,Colgate-Palmolive,182,15454.0,1.7,2024.0,-17.1,12676.0,62607.0,35900,-2
185,American Electric Power,167,15425.0,-5.8,1912.6,213.1,64729.0,33766.0,17666,-18
186,XPO Logistics,191,15381.0,5.2,340.2,393.0,12602.0,12210.0,95000,5
187,Goodyear Tire & Rubber,184,15377.0,1.4,346.0,-72.6,17064.0,6392.0,64000,-3
188,Omnicom Group,179,15274.0,-0.9,1088.4,-5.2,24931.0,16734.0,77300,-9
189,CDW,199,15192.0,8.7,523.0,23.2,6957.0,10717.0,8726,10
190,Sherwin-Williams,236,14984.0,26.4,1772.3,56.5,19958.0,36899.0,52695,46
191,PPG Industries,183,14967.0,-1.4,1591.0,81.4,16538.0,27824.0,47200,-8
192,Texas Instruments,206,14961.0,11.9,3682.0,2.4,17642.0,102135.0,29714,14
193,C.H. Robinson Worldwide,212,14869.0,13.1,504.9,-1.7,4236.0,13153.0,15074,19
194,WestRock,190,14860.0,1.0,708.2,,25089.0,16372.0,44800,-4
195,Cognizant Technology Solutions,205,14810.0,9.8,1504.0,-3.2,15221.0,47338.0,260000,10
196,Newell Brands,208,14742.0,11.1,2748.8,420.8,33136.0,12363.0,49000,12
197,CBS,193,14710.0,2.3,357.0,-71.7,20843.0,19668.0,14715,-4
198,Envision Healthcare,538,14701.0,220.4,,,16573.0,4647.0,57750,340
199,Monsanto,204,14640.0,8.4,2260.0,69.2,21333.0,51444.0,21900,5
200,Aramark,192,14604.0,1.3,373.9,29.9,11006.0,9725.0,215000,-8
201,Applied Materials,265,14537.0,34.3,3434.0,99.5,19419.0,58429.0,18400,64
202,Waste Management,201,14485.0,6.4,1949.0,64.9,21829.0,36372.0,42300,-1
203,DISH Network,186,14391.0,-4.7,2098.7,44.8,29774.0,17682.0,17000,-17
204,Illinois Tool Works,202,14314.0,5.3,1687.0,-17.1,16780.0,53142.0,50000,-2
205,Lincoln National,207,14257.0,7.0,2079.0,74.4,281763.0,15946.0,9047,2
206,HollyFrontier,274,14251.0,35.3,805.4,,10692.0,8650.0,3522,68
207,CBRE Group,214,14210.0,8.7,691.5,20.9,11484.0,16042.0,80000,7
208,Textron,200,14198.0,3.0,307.0,-68.1,15340.0,15293.0,37000,-8
209,Ross Stores,219,14135.0,9.9,1362.8,21.9,5722.0,29800.0,82700,10
210,Principal Financial,227,14093.0,13.7,2310.4,75.5,253941.0,17643.0,15378,17
211,D.R. Horton,232,14091.0,15.9,1038.4,17.2,12185.0,16480.0,7735,21
212,Marsh & McLennan,210,14024.0,6.2,1492.0,-15.6,20429.0,41924.0,64000,-2
213,Devon Energy,231,13949.0,14.4,898.0,,30241.0,16725.0,3414,18
214,AES,194,13850.0,-3.1,,,33112.0,7510.0,10500,-20
215,Ecolab,211,13838.0,5.2,1508.4,22.7,19962.0,39524.0,48400,-4
216,Land O'Lakes,209,13740.0,3.8,314.2,28.3,9509.0,,10000,-7
217,Loews,213,13735.0,4.8,1164.0,78.0,79586.0,16134.0,18100,-4
218,Kinder Morgan,215,13705.0,5.0,183.0,-74.2,79055.0,33223.0,10897,-3
219,FirstEnergy,196,13627.0,-3.7,,,42257.0,16175.0,15617,-23
220,Occidental Petroleum,278,13274.0,27.7,1311.0,,42026.0,49738.0,11000,58
221,Viacom,224,13263.0,6.2,1874.0,30.3,23698.0,12919.0,11200,3
222,PayPal Holdings,264,13094.0,20.8,1795.0,28.1,40774.0,91056.0,18700,42
223,NGL Energy Partners,237,13022.0,10.9,137.0,,6320.0,1332.0,2700,14
224,Celgene,254,13003.0,15.8,2940.0,47.1,30141.0,67102.0,7467,30
225,Arconic,228,12960.0,4.6,,,18718.0,11124.0,41500,3
226,Kellogg,216,12923.0,-0.7,1269.0,82.9,16350.0,22532.0,32944,-10
227,Las Vegas Sands,249,12882.0,12.9,2806.0,68.0,20687.0,56721.0,50500,22
228,Stanley Black & Decker,250,12747.0,11.7,1226.0,27.0,19080.0,23610.0,57765,22
229,Booking Holdings,268,12681.0,18.0,2340.8,9.6,25451.0,100459.0,22900,39
230,Lennar,260,12646.0,15.5,810.5,-11.1,18745.0,18738.0,9111,30
231,L Brands,220,12632.0,0.5,983.0,-15.1,8149.0,10655.0,59200,-11
232,DTE Energy,272,12607.0,18.6,1134.0,30.6,33767.0,18760.0,10200,40
233,Dominion Energy,238,12586.0,7.2,2999.0,41.3,76585.0,45344.0,16200,5
234,Reinsurance Group of America,246,12516.0,8.6,1822.2,159.8,60515.0,9930.0,2640,12
235,J.C. Penney,221,12506.0,-0.3,,-11700.0,8413.0,943.0,98000,-14
236,Mastercard,267,12497.0,16.0,3915.0,-3.5,21329.0,184161.0,13400,31
237,BlackRock,255,12491.0,12.0,4970.0,56.7,220217.0,87065.0,13900,18
238,Henry Schein,243,12462.0,7.7,406.3,-19.8,7811.0,10330.0,22000,5
239,Guardian Life Ins. Co. of America,218,12455.0,-3.6,455.3,72.5,75038.0,,9283,-21
240,Stryker,252,12444.0,9.9,1020.0,-38.1,22197.0,60041.0,33000,12
241,Jefferies Financial Group,262,12408.0,14.1,171.7,32.1,47169.0,8098.0,12700,21
242,VF,230,12400.0,1.6,614.9,-42.8,9959.0,29403.0,69000,-12
243,ADP,240,12380.0,6.1,1733.4,16.1,37180.0,50302.0,58000,-3
244,Edison International,235,12320.0,3.8,565.0,-56.9,52580.0,20741.0,12521,-9
245,Biogen,248,12274.0,7.2,2539.1,-31.4,23653.0,57930.0,7300,3
246,United States Steel,279,12250.0,19.4,387.0,,9862.0,6200.0,29200,33
247,Core-Mark Holding,247,12225.0,6.2,33.5,-38.2,1783.0,981.0,8413,0
248,Bed Bath & Beyond,233,12216.0,0.9,685.1,-18.6,6846.0,2989.0,65000,-15
249,Oneok,312,12174.0,36.5,387.8,10.2,16846.0,23373.0,2470,63
250,BB& T Corp.,245,12156.0,5.4,2394.0,-1.3,221642.0,40454.0,36484,-5
251,Becton Dickinson,225,12093.0,-3.1,1100.0,12.7,37734.0,57695.0,41933,-26
252,Ameriprise Financial,239,12075.0,2.9,1480.0,12.6,147470.0,21613.0,13312,-13
253,Farmers Insurance Exchange,222,12072.0,-3.5,,,16165.0,,13015,-31
254,First Data,242,12052.0,4.0,1465.0,248.8,48269.0,14865.0,22000,-12
255,Consolidated Edison,234,12033.0,-0.3,1525.0,22.5,48111.0,24192.0,15591,-21
256,Parker-Hannifin,251,12029.0,5.9,983.4,21.9,15490.0,22755.0,56690,-5
257,Anadarko Petroleum,344,11908.0,51.3,,,42086.0,31131.0,4400,87
258,Estee Lauder,253,11824.0,5.0,1249.0,12.1,11568.0,55064.0,46000,-5
259,State Street Corp.,271,11774.0,10.7,2177.0,1.6,238425.0,36688.0,36643,12
260,Tesla,383,11759.0,68.0,,,28655.0,44955.0,37543,123
261,Netflix,314,11693.0,32.4,558.9,199.4,19013.0,128167.0,5100,53
262,Alcoa,300,11652.0,25.0,217.0,,17447.0,8372.0,14600,38
263,Discover Financial Services,277,11545.0,10.0,2099.0,-12.3,100087.0,25431.0,16500,14
264,Praxair,275,11437.0,8.6,1247.0,-16.9,20436.0,41434.0,26461,11
265,CSX,257,11408.0,3.1,5471.0,219.2,35739.0,49428.0,24006,-8
266,Xcel Energy,256,11404.0,2.7,1148.0,2.2,43030.0,23107.0,11105,-10
267,Unum Group,258,11287.0,2.2,994.2,6.7,64013.0,10530.0,9400,-9
268,Universal Health Services,276,11279.0,7.3,752.3,7.1,10762.0,11163.0,72300,8
269,NRG Energy,229,11275.0,-8.7,,,23318.0,9698.0,5940,-40
270,EOG Resources,356,11208.0,46.5,2582.6,,29833.0,60913.0,2664,86
271,Sempra Energy,280,11207.0,10.1,256.0,-81.3,50454.0,29351.0,16046,9
272,Toys 'R' Us,244,11146.0,-3.4,,,7262.0,,65000,-28
273,Group 1 Automotive,261,11124.0,2.2,213.4,45.1,4871.0,1366.0,14108,-12
274,Entergy,263,11075.0,2.1,411.6,,46707.0,14298.0,13504,-11
275,Molson Coors Brewing,522,11003.0,125.2,1414.2,-28.4,30247.0,16238.0,17200,247
276,L3 Technologies,273,11002.0,3.8,677.0,-4.6,12729.0,16283.0,38000,-3
277,Ball,306,10983.0,21.2,374.0,42.2,17169.0,13920.0,18300,29
278,AutoZone,270,10889.0,2.4,1280.9,3.2,9260.0,17450.0,70035,-8
279,Murphy USA,291,10853.0,12.7,245.3,10.7,2331.0,2440.0,6900,12
280,MGM Resorts International,297,10774.0,13.9,1960.3,78.0,29159.0,19844.0,68500,17
281,Office Depot,203,10752.0,-20.9,181.0,-65.8,6323.0,1195.0,45000,-78
282,Huntsman,289,10592.0,9.7,636.0,95.1,10244.0,7090.0,10000,7
283,Baxter International,281,10561.0,3.9,717.0,-85.6,17111.0,34979.0,47000,-2
284,Norfolk Southern,284,10551.0,6.7,5404.0,224.0,35711.0,41226.0,27110,0
285,salesforce.com,326,10480.0,24.9,127.5,-29.0,21010.0,85074.0,29000,41
286,Laboratory Corp. of America,290,10441.0,8.3,1268.2,73.2,16568.0,16482.0,60000,4
287,W.W. Grainger,282,10425.0,2.8,585.7,-3.3,5804.0,15823.0,25050,-5
288,Qurate Retail,269,10404.0,-2.3,2441.0,97.7,24122.0,12587.0,28255,-19
289,Autoliv,283,10383.0,3.1,427.1,-24.7,8550.0,12710.0,67352,-6
290,Live Nation Entertainment,330,10337.0,23.7,,-304.5,7504.0,8772.0,15050,40
291,Xerox,162,10265.0,-40.1,195.0,,15946.0,7330.0,36100,-129
292,Leidos Holdings,381,10170.0,44.4,366.0,50.0,8990.0,9918.0,31000,89
293,Corning,298,10116.0,7.7,,-113.5,27494.0,23677.0,46200,5
294,Lithia Motors,318,10087.0,16.2,245.2,24.4,4683.0,2515.0,12899,24
295,Expedia Group,317,10060.0,14.7,378.0,34.1,18516.0,16764.0,22615,22
296,Republic Services,299,10042.0,7.0,1278.4,108.7,21147.0,21832.0,35000,3
297,Jacobs Engineering Group,259,10023.0,-8.6,293.7,39.6,7381.0,8380.0,49750,-38
298,Sonic Automotive,287,9867.0,1.4,93.0,-0.2,3819.0,804.0,9750,-11
299,Ally Financial,286,9866.0,0.3,929.0,-12.9,167148.0,11767.0,7900,-13
300,LKQ,304,9848.0,8.4,533.7,15.0,9367.0,11750.0,43000,4
301,BorgWarner,305,9799.0,8.0,439.9,271.2,9788.0,10586.0,29000,4
302,Fidelity National Financial,293,9769.0,2.3,771.0,18.6,9151.0,10983.0,24525,-9
303,SunTrust Banks,303,9741.0,6.3,2273.0,21.0,205962.0,31863.0,23785,0
304,IQVIA Holdings,390,9739.0,41.6,1309.0,1038.3,22742.0,20433.0,55000,86
305,Reliance Steel & Aluminum,320,9721.0,12.9,613.4,101.6,7751.0,6244.0,14900,15
306,Nvidia,387,9714.0,40.6,3047.0,82.9,11241.0,140112.0,11528,81
307,Voya Financial,266,9660.0,-10.4,,,222532.0,8686.0,6300,-41
308,CenterPoint Energy,362,9614.0,27.7,1792.0,314.8,22736.0,11822.0,7977,54
309,eBay,310,9567.0,6.5,,-114.0,25981.0,40726.0,14100,1
310,Eastman Chemical,309,9549.0,6.0,1384.0,62.1,15999.0,15073.0,14000,-1
311,American Family Insurance Group,315,9545.0,8.1,155.6,-52.2,24233.0,,11307,4
312,Steel Dynamics,347,9539.0,22.7,812.7,112.7,6856.0,10444.0,7635,35
313,Pacific Life,302,9510.0,3.7,1365.0,65.7,157877.0,,3578,-11
314,Chesapeake Energy,343,9496.0,20.6,949.0,,12425.0,2746.0,3200,29
315,Mohawk Industries,311,9491.0,5.9,971.6,4.4,12095.0,17283.0,38800,-4
316,Quanta Services,355,9467.0,23.7,315.0,58.8,6480.0,5281.0,32800,39
317,Advance Auto Parts,292,9374.0,-2.0,475.5,3.5,8482.0,8770.0,55500,-25
318,Owens & Minor,288,9318.0,-4.2,72.8,-33.1,3376.0,961.0,8600,-30
319,United Natural Foods,325,9275.0,9.5,130.2,3.5,2887.0,2165.0,9700,6
320,Tenneco,322,9274.0,7.8,207.0,-41.9,4842.0,2822.0,32000,2
321,Conagra Brands,197,9235.0,-34.7,639.3,,10096.0,14776.0,12600,-124
322,GameStop,321,9225.0,7.2,34.7,-90.2,5042.0,1279.0,39500,-1
323,Hormel Foods,295,9168.0,-3.7,846.7,-4.9,6976.0,18174.0,20200,-28
324,Hilton Worldwide Holdings,241,9140.0,-21.6,1259.0,261.8,14308.0,24957.0,163000,-83
325,Frontier Communications,313,9128.0,2.6,,,24884.0,582.0,22736,-12
326,Fidelity National Information Services,301,9123.0,-1.3,1319.0,132.2,24517.0,31893.0,53000,-25
327,Public Service Enterprise Group,306,9084.0,0.3,1574.0,77.5,42716.0,25359.0,12945,-21
328,Boston Scientific,327,9048.0,7.9,104.0,-70.0,19042.0,37688.0,29000,-1
329,OReilly Automotive,323,8978.0,4.5,1133.8,9.3,7572.0,20607.0,60365,-6
330,Charles Schwab,357,8960.0,17.2,2354.0,24.6,243274.0,70313.0,17600,27
331,Global Partners,334,8921.0,8.3,58.8,,2320.0,522.0,2000,3
332,PVH,335,8915.0,8.7,537.8,-2.0,11886.0,11649.0,28050,3
333,Avis Budget Group,319,8848.0,2.2,361.0,121.5,17699.0,3792.0,26300,-14
334,Targa Resources,402,8815.0,31.7,54.0,,14389.0,9629.0,2130,68
335,Hertz Global Holdings,296,8803.0,-7.1,327.0,,20058.0,1662.0,37000,-39
336,Calpine,400,8752.0,30.3,,-468.5,16453.0,,2290,64
337,Mutual of Omaha Insurance,342,8732.0,10.6,862.6,141.9,42429.0,,5896,5
338,Crown Holdings,333,8698.0,5.0,323.0,-34.9,10663.0,6816.0,24342,-5
339,Peter Kiewit Sons,324,8678.0,1.2,371.0,-6.3,5710.0,,22000,-15
340,Dicks Sporting Goods,340,8591.0,8.4,323.4,12.5,4204.0,3765.0,30300,0
341,PulteGroup,353,8573.0,11.8,447.2,-25.8,9687.0,8439.0,4810,12
342,Navistar International,337,8570.0,5.7,30.0,,6135.0,3451.0,11400,-5
343,Thrivent Financial for Lutherans,316,8528.0,-2.8,558.4,-5.0,95001.0,,3622,-27
345,Air Products & Chemicals,294,8442.0,-11.4,3000.4,375.4,18467.0,34818.0,15150,-51
346,Veritiv,331,8365.0,0.5,,-163.3,2708.0,617.0,8900,-15
347,AGCO,370,8307.0,12.1,186.4,16.4,7972.0,5157.0,20462,23
348,Genworth Financial,329,8295.0,-0.9,817.0,,105297.0,1413.0,3500,-19
349,Univar,338,8254.0,2.2,119.8,,5733.0,3920.0,8600,-11
350,News Corp.,332,8139.0,-2.2,,-512.3,14552.0,9272.0,26000,-18
351,SpartanNash,350,8128.0,5.1,,-193.0,2056.0,620.0,11950,-1
352,Westlake Chemical,507,8041.0,58.4,1304.0,226.9,12076.0,14385.0,8799,155
353,Williams,367,8031.0,7.1,2174.0,,46352.0,20567.0,5425,14
354,Lam Research,440,8014.0,36.1,1697.8,85.7,12123.0,33105.0,9400,86
355,Alaska Air Group,438,7933.0,33.8,1034.0,27.0,10740.0,7646.0,23156,83
356,Jones Lang LaSalle,391,7932.0,16.6,254.2,-20.1,8015.0,7930.0,81900,35
357,Anixter International,359,7927.0,4.0,109.0,-9.5,4252.0,2522.0,8900,2
358,Campbell Soup,339,7890.0,-0.9,887.0,57.5,7726.0,13021.0,18000,-19
359,Interpublic Group,345,7882.0,0.5,579.0,-4.8,12695.0,8854.0,50200,-14
360,Dover,392,7830.0,15.2,811.7,59.5,10658.0,15183.0,29000,32
361,Zimmer Biomet Holdings,352,7824.0,1.8,1813.8,492.9,25965.0,22151.0,18200,-9
362,Dean Foods,351,7795.0,1.1,61.6,-48.6,2504.0,787.0,16000,-11
363,Foot Locker,348,7782.0,0.2,284.0,-57.2,3961.0,5379.0,32175,-15
364,Eversource Energy,358,7752.0,1.5,988.0,4.8,36220.0,18671.0,8084,-6
365,Alliance Data Systems,378,7719.0,8.1,788.7,52.9,30685.0,11806.0,20000,13
366,Fifth Third Bancorp,389,7713.0,12.0,2194.0,40.3,142193.0,21812.0,18125,23
367,Quest Diagnostics,366,7709.0,2.6,772.0,19.7,10503.0,13619.0,45000,-1
368,EMCOR Group,360,7688.0,1.8,227.2,24.9,3966.0,4549.0,32000,-8
369,W.R. Berkley,354,7685.0,0.4,549.1,-8.8,24300.0,8836.0,7722,-15
370,WESCO International,373,7679.0,4.7,163.5,60.9,4736.0,2920.0,9100,3
371,Coty,558,7650.0,75.9,,-369.1,22548.0,13723.0,22000,187
372,WEC Energy Group,368,7649.0,2.4,1203.7,28.2,31591.0,19784.0,8129,-4
373,Masco,372,7644.0,3.9,533.0,8.6,5488.0,12590.0,26000,-1
375,Auto-Owners Insurance,398,7604.0,12.2,645.7,-8.6,23694.0,,5227,23
376,Jones Financial (Edward Jones),403,7597.0,14.6,872.0,16.9,17176.0,,45000,27
377,Liberty Media,491,7594.0,43.9,1354.0,99.1,41996.0,13816.0,4393,114
378,Erie Insurance Group,382,7535.0,7.4,857.5,15.6,20670.0,,5260,4
379,Hershey,369,7515.0,1.0,783.0,8.7,5554.0,20774.0,16135,-10
380,PPL,365,7447.0,-0.9,1128.0,-40.7,41479.0,19635.0,12512,-15
381,Huntington Ingalls Industries,380,7441.0,5.3,479.0,-16.4,6374.0,11539.0,38000,-1
382,Mosaic,377,7409.0,3.4,,-136.0,18633.0,9358.0,8500,-5
383,J.M. Smucker,346,7392.0,-5.4,592.3,-14.0,15640.0,14087.0,7140,-37
384,Delek US Holdings,480,7350.0,35.7,288.8,,5935.0,3416.0,3941,96
385,Newmont Mining,328,7348.0,-12.3,,,20563.0,20853.0,12569,-57
386,Constellation Brands,408,7332.0,12.0,1535.1,45.5,18602.0,44379.0,8700,22
387,Ryder System,394,7330.0,8.0,790.6,201.2,11452.0,3867.0,36100,7
388,National Oilwell Varco,375,7304.0,0.7,,,20206.0,13993.0,31605,-13
389,Adobe Systems,443,7302.0,24.7,1694.0,44.9,14536.0,106413.0,17973,54
390,LifePoint Health,374,7263.0,-0.1,102.4,-16.0,6286.0,1832.0,42000,-16
391,Tractor Supply,396,7256.0,7.0,422.6,-3.3,2869.0,7807.0,21000,5
392,Thor Industries,540,7247.0,58.2,374.3,45.9,2558.0,6069.0,17800,148
393,Dana,447,7209.0,23.7,111.0,-82.7,5644.0,3741.0,30100,54
394,Weyerhaeuser,341,7196.0,-8.9,582.0,-43.3,18059.0,26463.0,9300,-53
395,J.B. Hunt Transport Services,407,7190.0,9.7,686.3,58.8,4465.0,12858.0,24681,12
396,Darden Restaurants,385,7170.0,3.4,479.1,27.8,5504.0,10531.0,178729,-11
397,Yum China Holdings,399,7144.0,5.8,403.0,-19.7,4263.0,16009.0,450000,2
398,Blackstone Group,503,7119.0,38.9,1470.8,41.5,34429.0,21058.0,2360,105
399,Berry Global Group,413,7095.0,9.3,340.0,44.1,8476.0,7191.0,23000,14
400,Builders FirstSource,421,7034.0,10.5,38.8,-73.1,3006.0,2264.0,15000,21
401,Activision Blizzard,406,7017.0,6.2,273.0,-71.7,18668.0,51177.0,9800,5
402,JetBlue Airways,403,7015.0,5.8,1147.0,51.1,9781.0,6540.0,17424,1
403,Amphenol,424,7011.0,11.5,650.5,-21.0,10004.0,26311.0,70000,21
404,A-Mark Precious Metals,395,6990.0,3.0,7.1,-23.6,479.0,86.0,126,-9
405,Spirit AeroSystems Holdings,393,6983.0,2.8,354.9,-24.4,5268.0,9595.0,15500,-12
406,R.R. Donnelley & Sons,388,6940.0,0.6,,,3905.0,612.0,42700,-18
407,Harris,363,6939.0,-7.8,553.0,70.7,10090.0,19149.0,17000,-44
408,Expeditors Intl. of Washington,429,6921.0,13.5,489.3,13.6,3117.0,11087.0,16500,21
409,Discovery,412,6873.0,5.8,,-128.2,22555.0,11156.0,7000,3
410,Owens-Illinois,401,6869.0,2.5,180.0,-13.9,9756.0,3538.0,26500,-9
411,Sanmina,414,6869.0,6.0,138.8,-26.1,3847.0,1863.0,41250,3
412,KeyCorp,479,6868.0,26.7,1296.0,63.8,137698.0,20570.0,18415,67
413,American Financial Group,411,6865.0,5.6,475.0,-26.8,60658.0,9923.0,7600,-2
414,Oshkosh,425,6830.0,8.8,285.6,32.0,5099.0,5768.0,14000,11
415,Rockwell Collins,492,6822.0,29.7,705.0,-3.2,17997.0,22108.0,29000,77
416,Kindred Healthcare,376,6768.0,-6.4,,,5233.0,836.0,64200,-40
417,Insight Enterprises,473,6704.0,22.2,90.7,7.1,2686.0,1252.0,6697,56
418,Dr Pepper Snapple Group,416,6690.0,3.9,1076.0,27.0,10022.0,21278.0,21000,-2
419,American Tower,449,6664.0,15.2,1238.9,29.5,33214.0,64073.0,4752,30
421,Ralph Lauren,371,6653.0,-10.2,,-125.1,5652.0,9088.0,18250,-50
422,HRG Group,418,6650.0,3.9,106.0,,35850.0,3328.0,17113,-4
423,Ascena Retail Group,384,6650.0,-4.9,,,3872.0,394.0,40000,-39
424,United Rentals,452,6641.0,15.3,1346.0,137.8,15030.0,14537.0,14800,28
425,Caseys General Stores,423,6641.0,5.3,177.5,-21.5,3020.0,4120.0,25463,-2
426,Graybar Electric,420,6631.0,3.9,71.6,-23.1,2261.0,,8500,-6
427,Avery Dennison,430,6614.0,8.7,281.8,-12.1,5137.0,9361.0,30000,3
428,MasTec,502,6607.0,28.7,347.2,164.5,4067.0,3874.0,17300,74
429,CMS Energy,419,6583.0,2.9,460.0,-16.5,23050.0,12793.0,7887,-10
430,HD Supply Holdings,364,6534.0,-13.2,970.0,394.9,4318.0,7040.0,11000,-66
431,Raymond James Financial,469,6525.0,18.2,636.2,20.2,34884.0,13019.0,12700,38
432,NCR,409,6516.0,-0.4,232.0,-14.1,7654.0,3737.0,34000,-23
433,Hanesbrands,432,6478.0,6.9,61.9,-88.5,6895.0,6638.0,67200,-1
434,Asbury Automotive Group,410,6457.0,-1.1,139.1,-16.8,2357.0,1412.0,8000,-24
435,Citizens Financial Group,451,6454.0,12.0,1652.0,58.1,152336.0,20474.0,17594,16
436,Packaging Corp. of America,450,6445.0,11.5,668.6,48.7,6198.0,10633.0,14600,14
437,Alleghany,428,6425.0,4.8,90.1,-80.3,25384.0,9460.0,4402,-9
438,Apache,488,6423.0,20.0,1304.0,,21922.0,14678.0,3356,50
439,Dillards,417,6423.0,0.1,221.3,30.8,3673.0,2289.0,31400,-22
440,Assurant,361,6415.0,-14.8,519.6,-8.1,31843.0,4803.0,14175,-79
441,Franklin Resources,405,6392.0,-3.4,1696.7,-1.7,17534.0,19133.0,9386,-36
442,Owens Corning,458,6384.0,12.5,289.0,-26.5,8632.0,8982.0,17000,16
443,Motorola Solutions,433,6380.0,5.7,,-127.7,8208.0,17027.0,15000,-10
444,NVR,446,6322.0,8.4,537.5,26.4,2989.0,10262.0,5200,2
445,Rockwell Automation,442,6311.0,7.3,825.7,13.2,7162.0,22260.0,22000,-3
446,TreeHouse Foods,427,6307.0,2.1,,,5779.0,2159.0,13489,-19
447,Wynn Resorts,548,6306.0,41.2,747.2,208.8,12682.0,19778.0,25200,101
448,Olin,467,6268.0,12.9,549.5,,9218.0,5081.0,6400,19
449,American Axle & Manufacturing,593,6266.0,58.7,337.1,40.0,7883.0,1699.0,25000,144
450,Old Republic International,439,6263.0,6.1,560.5,20.0,19404.0,5778.0,8700,-11
451,Chemours,482,6183.0,14.5,746.0,10557.1,7293.0,8840.0,7000,31
452,iHeartMedia,426,6178.0,-1.5,,,12257.0,39.0,18700,-26
453,Ameren,431,6177.0,1.7,523.0,-19.9,25945.0,13740.0,8615,-22
454,Arthur J. Gallagher,462,6160.0,10.1,463.1,11.8,12897.0,12512.0,26783,8
455,Celanese,484,6140.0,13.9,843.0,-6.3,9538.0,13611.0,7592,29
456,Sealed Air,397,6131.0,-9.6,814.9,67.5,5280.0,7162.0,15000,-59
457,UGI,457,6121.0,7.7,436.6,19.7,11582.0,7685.0,13000,0
458,Realogy Holdings,448,6114.0,5.2,431.0,102.3,7337.0,3568.0,11800,-10
459,Burlington Stores,463,6110.0,9.3,384.9,78.3,2813.0,9018.0,40000,4
460,Regions Financial,436,6093.0,2.1,1263.0,8.6,124294.0,20861.0,21714,-24
461,AK Steel Holding,441,6081.0,3.4,6.2,,4296.0,1428.0,9200,-20
462,Securian Financial Group,532,6067.0,27.0,418.9,68.7,51232.0,,5000,70
463,S& P Global,459,6063.0,7.1,1496.0,-29.0,9425.0,47643.0,20400,-4
464,Markel,460,6062.0,8.0,395.3,-13.3,32805.0,16264.0,15600,-4
465,TravelCenters of America,470,6052.0,9.8,9.3,,1618.0,144.0,19611,5
467,M& T Bank Corp.,455,6019.0,5.2,1408.3,7.1,118594.0,27379.0,16354,-12
468,Clorox,453,5973.0,3.7,701.0,8.2,4573.0,17225.0,8100,-15
469,AmTrust Financial Services,475,5959.0,9.3,,-184.9,25219.0,2416.0,9300,6
470,KKR,656,5930.0,71.4,1018.3,229.2,45835.0,9882.0,1184,186
471,Ulta Beauty,524,5885.0,21.2,555.2,35.5,2909.0,12459.0,24200,53
472,Yum Brands,422,5878.0,-7.7,1340.0,-17.2,5311.0,28307.0,60000,-50
473,Regeneron Pharmaceuticals,523,5872.0,20.8,1198.5,33.8,8764.0,37087.0,6200,50
474,Windstream Holdings,485,5853.0,8.6,,,11084.0,289.0,12979,11
475,Magellan Health,526,5838.0,20.7,110.2,41.5,2957.0,2605.0,10700,51
476,Western & Southern Financial,483,5836.0,8.1,310.4,28.7,46395.0,,2226,7
477,Intercontinental Exchange,437,5834.0,-2.1,2514.0,76.8,78264.0,42132.0,4952,-40
478,Ingredion,456,5832.0,2.3,519.0,7.0,6080.0,9313.0,11000,-22
479,Wyndham Destinations,461,5821.0,4.0,871.0,42.6,10403.0,11411.0,39200,-18
480,Toll Brothers,497,5815.0,12.5,535.5,40.1,9445.0,6566.0,4500,17
481,Seaboard,486,5809.0,8.0,247.0,-20.8,5161.0,4992.0,11800,5
482,Booz Allen Hamilton,481,5804.0,7.4,252.5,-14.1,3373.0,5617.0,23300,-1
483,First American Financial,464,5772.0,3.5,423.0,23.3,9573.0,6511.0,18705,-19
484,Cincinnati Financial,476,5732.0,5.2,1045.0,76.9,21843.0,12185.0,4925,-8
485,Avon Products,444,5716.0,-2.3,22.0,,3698.0,1251.0,25000,-41
486,Northern Trust,501,5716.0,11.1,1199.0,16.1,138591.0,23264.0,18100,15
487,Fiserv,471,5696.0,3.5,1246.0,34.0,10289.0,29466.0,24000,-16
488,Harley-Davidson,435,5647.0,-5.8,521.8,-24.6,9973.0,7198.0,5800,-53
490,Patterson,466,5593.0,0.7,170.9,-8.7,3508.0,2104.0,7500,-24
491,Peabody Energy,533,5579.0,18.3,,,8181.0,4649.0,7100,42
492,ON Semiconductor,598,5543.0,41.9,810.7,345.2,7195.0,10406.0,34000,106
493,Simon Property Group,477,5539.0,1.9,1948.0,5.9,32258.0,47861.0,4150,-16
494,Western Union,478,5524.0,1.9,,-320.0,9231.0,8857.0,11500,-16
495,NetApp,468,5519.0,-0.5,509.0,122.3,9493.0,16528.0,10100,-27
496,Polaris Industries,537,5505.0,19.8,172.5,-19.0,3090.0,7224.0,11000,41
497,Pioneer Natural Resources,606,5455.0,42.7,833.0,,17003.0,29254.0,3836,109
498,ABM Industries,500,5454.0,6.0,3.8,-93.4,3813.0,2200.0,140000,2
499,Vistra Energy,499,5430.0,5.2,,,14600.0,8925.0,4150,0
500,Cintas,520,5429.0,10.7,480.7,-30.7,6844.0,18165.0,42000,20
501,Hess,525,5405.0,11.6,,,23112.0,15948.0,2075,24
502,Host Hotels & Resorts,472,5387.0,-1.8,564.0,-26.0,11693.0,13822.0,205,-30
503,Kelly Services,490,5374.0,1.8,71.6,-40.7,2378.0,1116.0,7800,-13
504,Genesis Healthcare,454,5374.0,-6.3,,,4788.0,241.0,68700,-50
505,Michaels Cos.,496,5362.0,3.2,390.5,3.3,2300.0,3586.0,30500,-9
506,Advanced Micro Devices,565,5329.0,24.7,43.0,,3540.0,9740.0,8900,59
507,Zoetis,521,5307.0,8.6,864.0,5.2,8586.0,40524.0,9200,14
508,Williams-Sonoma,506,5292.0,4.1,259.5,-15.0,2786.0,4441.0,19350,-2
509,Fortune Brands Home & Security,511,5283.0,6.0,472.6,14.4,5511.0,8717.0,23870,2
510,Big Lots,495,5271.0,1.4,189.8,24.2,1652.0,1830.0,22900,-15
511,Robert Half International,493,5267.0,0.3,290.6,-15.4,1868.0,7194.0,17200,-18
512,Post Holdings,508,5226.0,4.0,48.3,,11877.0,4968.0,11410,-4
513,Hasbro,509,5210.0,3.8,396.6,-28.1,5290.0,10468.0,5400,-4
514,Hanover Insurance Group,517,5184.0,4.8,186.2,20.1,15470.0,5017.0,4600,3
515,Navient,514,5179.0,4.3,292.0,-57.1,114991.0,3456.0,6700,-1
516,Intuit,527,5177.0,7.2,971.0,-0.8,4068.0,44397.0,8200,11
517,Domtar,505,5157.0,1.2,,-301.6,5212.0,2667.0,10000,-12
518,Marathon Oil,536,5153.0,10.8,,,22012.0,13707.0,2300,18
519,Cerner,530,5142.0,7.2,867.0,36.2,6469.0,19291.0,26000,11
520,Analog Devices,660,5108.0,49.3,727.3,-15.6,21141.0,33700.0,15300,140
521,Telephone & Data Systems,504,5044.0,-1.2,153.0,255.8,9295.0,3115.0,9900,-17
522,Essendant,487,5037.0,-6.2,,-518.1,1774.0,294.0,6400,-35
523,Sonoco Products,531,5037.0,5.3,175.3,-38.8,4558.0,4829.0,21000,8
524,Juniper Networks,510,5027.0,0.7,306.2,-48.3,9834.0,8364.0,9381,-14
525,Commercial Metals,535,4999.0,7.5,46.3,-15.4,2975.0,2394.0,8797,10
526,CSRA,570,4993.0,17.5,304.0,248.8,4888.0,6759.0,18500,44
527,Under Armour,528,4977.0,3.1,,-118.8,4006.0,6756.0,11350,1
528,RPM International,529,4958.0,3.0,181.8,-48.7,5090.0,6372.0,14318,1
529,Total System Services,579,4928.0,18.2,586.2,83.4,6332.0,15676.0,11800,50
530,Levi Strauss,542,4904.0,7.7,281.4,-3.3,3355.0,0.0,13800,12
531,Brunswick,547,4898.0,9.1,146.4,-47.0,3358.0,5188.0,15116,16
532,YRC Worldwide,534,4891.0,4.1,,-150.2,1586.0,299.0,32000,2
533,Mattel,474,4882.0,-10.5,,-431.4,6239.0,4523.0,28000,-59
534,FM Global,557,4875.0,11.5,254.1,-68.1,23247.0,,5441,23
535,NiSource,545,4875.0,8.5,128.5,-61.2,19962.0,8068.0,8175,10
536,Caesars Entertainment,541,4852.0,6.5,,,25512.0,7838.0,65000,5
537,Electronic Arts,556,4845.0,10.2,967.0,-16.3,7718.0,37188.0,8800,19
538,Dynegy,561,4842.0,12.1,76.0,,11771.0,1952.0,2489,23
539,McCormick,553,4834.0,9.6,477.4,1.1,10386.0,13964.0,11700,14
540,T. Rowe Price,573,4793.0,13.5,1497.8,23.3,7535.0,26409.0,6881,33
541,Orbital ATK,549,4764.0,6.9,310.0,5.8,5666.0,7665.0,13900,8
542,Tutor Perini,513,4757.0,-4.3,148.4,54.9,4264.0,1098.0,10061,-29
543,Brookdale Senior Living,512,4747.0,-4.6,,,7675.0,1252.0,62550,-31
544,Huntington Bancshares,610,4740.0,25.3,1186.0,66.6,104185.0,16209.0,15770,66
545,Wayfair,666,4721.0,39.7,,,1213.0,5977.0,7751,121
546,Rush Enterprises,575,4714.0,11.8,172.1,324.2,2890.0,1609.0,6825,29
547,Xylem,611,4707.0,24.8,331.0,27.3,6860.0,13839.0,16200,64
548,Neiman Marcus Group,515,4706.0,-4.9,,,7704.0,,13700,-33
549,Hyatt Hotels,552,4685.0,5.8,249.0,22.1,7672.0,9054.0,45000,3
550,Sprouts Farmers Market,585,4665.0,15.3,158.4,27.5,1582.0,3122.0,27000,35
551,Diebold Nixdorf,672,4609.0,38.0,,,5250.0,1170.0,23000,121
552,Roper Technologies,609,4608.0,21.6,971.8,47.5,14316.0,28862.0,14236,57
553,Smart & Final Stores,559,4571.0,5.3,,-1172.9,1810.0,412.0,7570,6
554,CommScope Holding,518,4561.0,-7.4,193.8,-13.0,7042.0,7670.0,20000,-36
555,Tapestry,546,4488.3,-0.1,591.0,28.3,5831.6,14988.0,12450,-9
556,Diplomat Pharmacy,554,4485.0,1.7,15.5,-45.1,1940.0,1493.0,2298,-2
557,Chipotle Mexican Grill,599,4476.0,14.7,176.3,668.4,2046.0,9025.0,68890,42
558,Agilent Technologies,576,4472.0,6.4,684.0,48.1,8426.0,21574.0,13500,18
559,Science Applications International,551,4454.0,0.3,179.0,25.2,2073.0,3332.0,15391,-8
560,MDU Resources Group,569,4444.0,4.5,281.2,336.4,6335.0,5500.0,10140,9
561,Select Medical Holdings,563,4444.0,3.7,177.2,53.5,5127.0,2313.0,36050,2
562,Boise Cascade,597,4432.0,13.3,83.0,116.9,1607.0,1500.0,6370,35
563,National General Holdings,643,4431.0,24.7,105.8,-39.8,8440.0,2598.0,7570,80
564,SCANA,572,4407.0,4.3,,-120.0,18739.0,5356.0,5228,8
565,Graphic Packaging Holding,562,4404.0,2.5,300.2,31.7,4863.0,4754.0,13000,-3
566,Fastenal,591,4391.0,10.8,578.6,15.8,2911.0,15703.0,20565,25
568,Laureate Education,571,4378.0,3.2,91.5,-75.4,7392.0,2578.0,54500,3
569,Beacon Roofing Supply,582,4377.0,6.0,100.9,12.2,3450.0,3609.0,5406,13
570,KB Home,634,4369.0,21.5,180.6,71.0,5042.0,2468.0,1915,64
571,Equinix,624,4368.0,19.3,233.0,83.7,18692.0,33128.0,7273,53
572,Terex,445,4363.0,-25.3,128.7,,3463.0,3030.0,10700,-127
573,Crown Castle International,596,4356.0,11.1,444.6,24.5,32230.0,45452.0,4500,23
574,CACI International,615,4355.0,16.3,163.7,14.6,3911.0,3727.0,18600,41
575,Watsco,574,4342.0,2.9,208.2,13.9,2047.0,6752.0,5200,-1
576,Coca-Cola Bottling,701,4324.0,37.0,96.5,92.5,3073.0,1615.0,15500,125
577,Welltower,564,4317.0,0.8,522.8,-51.5,27944.0,20246.0,392,-13
579,Ametek,604,4300.0,12.0,681.5,33.1,7796.0,17590.0,16900,25
580,CNO Financial Group,590,4297.0,7.8,175.6,-51.0,33110.0,3630.0,3300,10
581,Camping World Holdings,648,4285.0,21.8,28.4,-85.2,2562.0,3084.0,10227,67
582,LPL Financial Holdings,584,4282.0,5.7,238.9,24.5,5359.0,5510.0,3736,2
583,Noble Energy,653,4256.0,21.9,,,21476.0,14913.0,2277,70
584,Bloomin Brands,568,4213.0,-0.9,100.2,140.1,2573.0,2256.0,94000,-16
585,Moodys,631,4204.0,16.6,1000.6,275.3,8594.0,30826.0,11896,46
586,Symantec,465,4191.0,-24.7,,-104.3,18174.0,16067.0,13000,-121
587,Amkor Technology,600,4187.0,7.5,260.7,58.8,4522.0,2425.0,29300,13
588,Skechers U.S.A.,638,4181.0,16.9,179.2,-26.4,2735.0,6231.0,8150,50
589,KBR,567,4171.0,-2.3,434.0,,3674.0,2271.0,20000,-22
590,Tiffany,588,4170.0,4.2,370.1,-17.0,5468.0,12149.0,13100,-2
591,Torchmark,580,4156.0,0.0,1454.5,164.6,23475.0,9583.0,3102,-11
592,Broadridge Financial Solutions,749,4143.0,43.0,326.8,6.3,3150.0,12796.0,10000,157
593,Quad/Graphics,560,4131.4,-4.6,107.2,138.8,2452.4,1336.0,21100,-33
594,CF Industries Holdings,622,4130.0,12.1,357.7,,13463.0,8805.0,2950,28
595,Carlisle,623,4090.0,11.3,365.5,46.1,5300.0,6408.0,14800,28
596,Silgan Holdings,629,4090.0,13.2,269.7,75.8,4645.0,3074.0,12515,33
597,Bemis,587,4046.0,1.0,94.0,-60.2,3700.0,4002.0,16582,-10
598,CA,583,4036.0,-0.4,775.0,-1.0,12610.0,14134.0,11800,-15
599,Hub Group,640,4035.0,12.9,135.2,80.7,1671.0,1439.0,4377,41
600,Worldpay,637,4027.0,12.5,130.1,-39.0,8667.0,25915.0,3560,37
601,Ingles Markets,608,4003.0,5.5,53.9,-0.6,1733.0,686.0,17250,7
602,Snap-on,618,4000.0,7.8,557.7,2.1,5249.0,8367.0,12600,16
603,Dentsply Sirona,614,3993.0,6.6,,-460.5,10375.0,11439.0,16100,11
604,Calumet Specialty Products,632,3992.0,10.9,,,2689.0,541.0,1600,28
605,Global Payments,669,3975.0,17.9,468.4,132.2,12998.0,17789.0,10000,64
606,Encompass Health,619,3971.4,7.1,256.3,3.5,4893.7,5611.0,30935,13
607,Martin Marietta Materials,607,3966.0,3.8,713.3,67.7,8993.0,13019.0,8406,0
608,Nasdaq,620,3965.0,7.0,734.0,579.6,15786.0,14361.0,4734,12
609,Leggett & Platt,613,3944.0,5.2,292.6,-24.2,3551.0,5842.0,22200,4
610,Universal Forest Products,687,3941.0,21.6,119.5,18.1,1465.0,1986.0,10000,77
611,Sally Beauty Holdings,592,3938.0,-0.4,215.1,-3.5,2123.0,2058.0,21755,-19
612,Flowers Foods,594,3921.0,-0.2,150.1,-8.3,2660.0,4604.0,9800,-18
613,Barnes & Noble,555,3895.0,-11.5,22.0,,1933.0,360.0,18592,-58
614,American Equity Investment Life,883,3892.0,75.3,174.6,109.8,62031.0,2639.0,515,269
615,Vulcan Materials,635,3890.0,8.3,601.2,43.3,9505.0,15110.0,8287,20
616,Taylor Morrison Home,644,3885.0,9.4,91.2,73.4,4326.0,2610.0,1800,28
617,Westinghouse Air Brake,742,3882.0,32.4,262.3,-14.0,6580.0,7822.0,18000,125
618,Crestwood Equity Partners,805,3881.0,54.0,,,4285.0,1824.0,954,187
619,Iron Mountain,649,3846.0,9.1,183.8,75.4,10972.0,9375.0,24000,30
620,Lennox International,627,3840.0,5.4,305.7,10.0,1892.0,8415.0,11450,7
621,General Cable,603,3837.0,-0.5,,,2235.0,1499.0,8500,-18
622,American Eagle Outfitters,630,3796.0,5.1,204.2,-3.9,1816.0,3540.0,24100,8
623,Church & Dwight,652,3776.0,8.1,743.4,62.0,6015.0,12294.0,4700,29
624,Platform Specialty Products,636,3776.0,5.3,,,10252.0,2774.0,7850,12
626,OneMain Holdings,602,3756.0,-3.3,183.0,-14.9,19433.0,4062.0,10100,-24
627,Colfax,626,3737.0,2.5,151.1,17.9,6710.0,3934.0,14300,-1
628,Zebra Technologies,639,3722.0,4.1,17.0,,4275.0,7412.0,7000,11
629,Andersons,595,3686.0,-6.1,42.5,266.7,2162.0,943.0,1819,-34
630,TD Ameritrade Holding,674,3685.0,10.5,872.0,3.6,38627.0,33605.0,10412,44
631,Carlyle Group,869,3676.0,61.6,244.1,3714.1,12281.0,2145.0,1600,238
632,Hubbell,650,3669.0,4.7,243.1,-17.0,3721.0,6678.0,17700,18
633,Trinity Industries,539,3663.0,-20.2,702.5,104.5,9543.0,4921.0,15605,-94
634,Darling Ingredients,665,3662.0,7.8,128.5,25.6,4958.0,2848.0,9800,31
635,Flowserve,589,3661.0,-8.3,2.7,-98.0,4911.0,5668.0,17000,-46
637,Skyworks Solutions,680,3651.0,11.0,1010.2,1.5,4574.0,18264.0,8400,43
638,Landstar System,699,3649.0,15.1,177.1,28.9,1353.0,4604.0,1273,61
639,Buckeye Partners,685,3648.0,12.3,478.8,-10.6,10305.0,5494.0,1870,46
640,MRC Global,726,3646.0,19.9,50.0,,2340.0,1517.0,3580,86
641,CME Group,633,3645.0,1.4,4063.4,164.9,75791.0,55058.0,2830,-8
642,Greif,676,3638.0,9.5,118.6,58.3,3232.0,2636.0,13000,34
644,Cooper-Standard Holdings,655,3618.0,4.2,135.3,-2.7,2726.0,2200.0,32000,11
645,Urban Outfitters,645,3616.0,2.0,108.3,-50.4,1953.0,4001.0,16330,0
646,LSC Communications,625,3603.0,-1.4,,-153.8,2014.0,608.0,24000,-21
647,Sabre,668,3599.0,6.7,242.5,0.0,5649.0,5887.0,9000,21
648,Green Plains,662,3596.0,5.4,61.1,472.6,2785.0,688.0,1427,14
649,Hexion,659,3591.0,4.5,,,2097.0,,4300,10
650,Stericycle,642,3581.0,0.5,42.4,-79.5,6988.0,5007.0,23200,-8
651,Warner Music Group,686,3576.0,10.2,143.0,472.0,5718.0,,4520,35
652,Ventas,658,3574.0,3.8,1356.5,108.9,23955.0,17643.0,493,6
653,ScanSource,647,3568.0,0.8,69.2,8.8,1718.0,909.0,2000,-6
654,Pinnacle West Capital,651,3565.0,1.9,488.5,10.5,17019.0,8932.0,6292,-3
655,Scripps Networks Interactive,664,3562.0,4.7,623.9,-7.4,6522.0,0.0,3600,9
656,Alexion Pharmaceuticals,714,3551.0,15.1,443.3,11.0,13583.0,24784.0,2525,58
657,Pitney Bowes,663,3550.0,4.2,261.3,181.6,6679.0,2038.0,14700,6
658,CIT Group,550,3545.0,-20.4,468.2,,49279.0,6649.0,4167,-108
659,Country Financial,657,3542.0,2.4,187.3,39.0,14664.0,,3834,-2
660,CUNA Mutual Group,683,3541.0,8.2,303.2,36.2,20595.0,,3300,23
661,Triumph Group,601,3533.0,-9.1,,,4415.0,1252.0,14309,-60
662,TransDigm Group,698,3529.0,11.3,596.9,1.8,9976.0,16021.0,9200,36
663,Allegheny Technologies,707,3525.0,12.5,,,5185.0,2974.0,8600,44
664,Resolute Forest Products,646,3513.0,-0.9,,,4147.0,749.0,7700,-18
665,Acuity Brands,679,3505.0,6.5,321.7,10.6,2900.0,5868.0,12500,14
666,Abercrombie & Fitch,675,3493.0,5.0,7.1,79.3,2326.0,1651.0,22500,9
667,KLA-Tencor,733,3480.0,16.6,926.1,31.5,5532.0,17073.0,5990,66
668,Weis Markets,706,3467.0,10.5,98.4,12.9,1442.0,1102.0,23000,38
669,Puget Energy,700,3460.0,9.4,175.2,-44.0,13691.0,,3140,31
670,Mednax,697,3458.0,8.6,320.4,-1.4,5867.0,5251.0,14000,27
671,Kar Auction Services,702,3458.0,9.8,362.0,62.8,6984.0,7285.0,15488,31
672,PolyOne,673,3452.0,3.4,,-134.9,2705.0,3400.0,6400,1
673,FMC,681,3442.0,4.8,535.8,156.2,9206.0,10297.0,7000,8
674,Edwards Lifesciences,734,3435.0,15.9,583.6,2.5,5696.0,29372.0,12200,60
675,Microchip Technology,897,3426.0,57.6,164.6,-49.2,7687.0,21410.0,12656,222
676,Amerco,682,3422.0,4.5,398.4,-18.5,9406.0,6767.0,20376,6
677,Mercury General,689,3416.0,5.8,144.9,98.3,5101.0,2538.0,4300,12
678,American National Insurance,688,3411.0,5.7,493.7,172.7,26387.0,3150.0,4621,10
679,Carters,694,3400.0,6.3,302.8,17.3,2068.0,4902.0,20900,15
680,International Flavors & Fragrances,711,3399.0,9.1,295.7,-27.0,4599.0,10804.0,7300,31
681,Aarons,692,3384.0,5.5,292.5,110.0,2692.0,3266.0,11900,11
682,Alliant Energy,677,3382.0,1.9,457.3,23.1,14188.0,9453.0,3989,-5
684,Monster Beverage,721,3369.0,10.5,820.7,15.2,4791.0,32404.0,2589,37
685,BMC Stock Holdings,712,3366.0,8.8,57.4,86.0,1473.0,1314.0,9100,27
686,Ryerson Holding,753,3365.0,17.7,17.1,-8.6,1712.0,303.0,3600,67
687,Equifax,703,3362.0,6.9,587.3,20.2,7233.0,14152.0,10300,16
688,Regal Beloit,690,3360.0,4.2,213.0,4.7,4388.0,3225.0,23600,2
689,Old Dominion Freight Line,731,3358.0,12.3,463.8,56.8,3068.0,12107.0,19183,42
690,American Water Works,678,3357.0,1.7,426.0,-9.0,19482.0,14622.0,6900,-12
691,BGC Partners,771,3353.0,23.2,51.5,-49.8,5457.0,4119.0,9238,80
692,Brinks,730,3347.0,10.8,16.7,-51.6,3060.0,3609.0,62150,38
692,Meritor,730,3347.0,10.8,16.7,-51.6,3060.0,3609.0,62150,38
694,Sentry Insurance Group,720,3346.0,9.3,288.5,30.1,17302.0,,4139,26
695,Sanderson Farms,758,3342.0,18.7,279.7,48.0,1733.0,2718.0,14669,63
696,KapStone Paper & Packaging,715,3316.0,7.7,243.5,182.3,3324.0,3341.0,6400,19
697,Gartner,821,3312.0,35.5,3.3,-98.3,7283.0,10684.0,15131,124
698,IAC/InterActiveCorp,705,3307.2,5.3,304.9,,5867.8,12926.0,7000,7
699,Tailored Brands,667,3304.0,-2.2,96.7,287.5,2000.0,1234.0,18200,-32
700,WABCO Holdings,759,3304.0,17.6,406.1,82.1,4323.0,7194.0,14631,59
701,Insperity,739,3300.0,12.2,84.4,27.9,1064.0,2921.0,2900,38
702,Comerica,736,3289.0,11.1,743.0,55.8,71567.0,16562.0,7999,34
703,TriNet Group,717,3275.0,7.0,178.0,189.9,2593.0,3245.0,2700,14
704,Avaya Holdings,621,3272.0,-11.6,,,5898.0,2459.0,8700,-83
705,Ashland Global Holdings,516,3260.0,-34.1,1.0,,8618.0,4343.0,6500,-189
706,Meritage Homes,725,3241.0,6.6,143.3,-4.2,3251.0,1839.0,1605,19
707,SkyWest,710,3204.0,2.7,428.9,,5458.0,2838.0,16300,3
708,USG,566,3204.0,-24.9,88.0,-82.7,3851.0,5664.0,6800,-142
709,Southwestern Energy,823,3203.0,31.5,1046.0,,7521.0,2542.0,1575,114
710,Keysight Technologies,745,3189.0,9.3,102.0,-69.6,5933.0,9825.0,12600,35
711,Regal Entertainment Group,696,3163.0,-1.1,112.3,-34.1,2843.0,,26047,-15
712,Mutual of America Life Insurance,770,3163.0,16.1,26.2,56.7,21194.0,,1079,58
713,Paychex,737,3151.0,6.8,817.3,8.0,6834.0,22128.0,13700,24
714,Brinker International,684,3151.0,-3.3,150.8,-24.9,1414.0,1673.0,57906,-30
715,Penn National Gaming,728,3148.0,3.7,473.5,333.1,5235.0,2407.0,18754,13
716,Gannett,722,3147.0,3.2,6.9,-86.9,2570.0,1126.0,19000,6
717,Visteon,693,3146.0,-1.9,176.0,134.7,2304.0,3409.0,10000,-24
718,Pinnacle Foods,708,3144.0,0.5,532.0,152.0,6578.0,6440.0,4900,-10
719,Intuitive Surgical,773,3129.0,15.7,660.0,-10.3,5758.0,46675.0,4444,54
720,Continental Resources,945,3121.0,57.6,789.4,,14200.0,22119.0,1127,225
721,Service Corp. International,729,3095.0,2.1,546.7,208.8,12865.0,6959.0,19468,8
722,Scientific Games,750,3084.0,6.9,,,7725.0,3743.0,8600,28
723,Albemarle,654,3072.0,-12.0,54.9,-91.5,7751.0,10269.0,5400,-69
724,Atmos Energy,670,3063.0,-8.6,396.4,13.2,10750.0,9348.0,4565,-54
725,Hologic,755,3059.0,8.0,755.5,128.4,7980.0,10331.0,6233,30
726,H& R Block,727,3036.0,-0.1,408.9,9.3,2694.0,5316.0,44900,1
727,Qorvo,787,3033.0,16.2,,,6522.0,8912.0,8600,60
728,Steelcase,718,3032.0,-0.9,124.6,-26.8,1792.0,1580.0,12650,-10
729,Univision Communications,724,3016.0,-0.8,654.9,199.2,9599.0,0.0,4500,-5
730,Worthington Industries,757,3014.0,6.9,204.5,42.3,2325.0,2644.0,10000,27
731,Timken,781,3004.0,12.5,203.4,33.3,3402.0,3556.0,15006,50
732,A.O. Smith,776,2997.0,11.6,296.5,-9.2,3197.0,10908.0,16100,44
733,PriceSmart,748,2997.0,3.1,90.7,2.3,1178.0,2540.0,7903,15
734,Stifel Financial,785,2997.0,13.4,182.9,124.3,21384.0,4256.0,7100,51
735,Brown-Forman,713,2994.0,-3.1,669.0,-37.3,4625.0,26160.0,4570,-22
736,Cinemark Holdings,744,2992.0,2.5,264.2,3.6,4471.0,4388.0,19915,8
737,Granite Construction,808,2990.0,18.9,69.1,21.0,1872.0,2228.0,3600,71
738,Dycom Industries,780,2978.0,0.8,151.3,-3.7,1841.0,3357.0,14365,42
739,Clean Harbors,764,2945.0,6.9,100.7,,3707.0,2758.0,12700,25
740,First Solar,738,2941.0,-0.3,,,6865.0,7416.0,4100,-2
741,Scotts Miracle-Gro,740,2936.0,0.0,218.3,-30.8,2747.0,4881.0,4700,-1
742,Cracker Barrel Old Country Store,747,2926.0,0.5,201.9,6.7,1522.0,3821.0,73000,5
743,Triple-S Management,732,2916.0,-2.3,54.5,212.5,3117.0,616.0,3517,-11
744,First Republic Bank,842,2912.0,22.6,757.7,12.5,87781.0,14982.0,4025,98
745,ServiceMaster Global Holdings,768,2912.0,6.0,510.0,229.0,5646.0,6882.0,13000,23
746,PC Connection,775,2912.0,8.1,54.9,14.0,748.0,671.0,2505,29
747,Genesco,751,2907.0,1.3,,-214.8,1315.0,809.0,19350,4
748,Medical Mutual of Ohio,762,2895.0,5.0,8.1,-80.0,2234.0,,2244,14
749,MSC Industrial Direct,752,2888.0,0.8,231.4,0.1,2099.0,5178.0,6563,3
750,Legg Mason,783,2887.0,8.5,227.3,,8290.0,3437.0,3338,33
751,Hyster-Yale Materials Handling,792,2885.0,12.3,48.6,13.6,1648.0,1157.0,6800,41
752,Apollo Global Management,881,2884.0,29.8,629.1,56.2,6991.0,5970.0,1047,129
753,Citrix Systems,661,2883.0,-15.7,,-103.9,5820.0,12635.0,7500,-92
754,Acadia Healthcare,754,2877.0,0.9,199.8,3153.1,6425.0,3459.0,34050,0
755,Varian Medical Systems,691,2862.0,-11.1,249.6,-38.0,3179.0,11198.0,6600,-64
756,Groupon,704,2859.0,-9.0,14.0,,1678.0,2437.0,6672,-52
757,Aleris,782,2858.0,7.3,,,2644.0,,5400,25
758,Sprague Resources,837,2855.0,19.5,29.5,190.2,1363.0,542.0,981,79
759,Cooper Tire & Rubber,743,2855.0,-2.4,95.4,-61.6,2608.0,1491.0,9204,-16
761,Penn Mutual Life Insurance,799,2851.0,12.4,594.0,181.8,31660.0,,3089,38
763,ArcBest,774,2827.0,4.7,59.7,220.2,1366.0,822.0,13000,11
765,TRI Pointe Group,831,2810.0,16.8,187.2,-4.1,3805.0,2487.0,1251,66
766,Annaly Capital Management,853,2809.0,20.1,1569.6,9.5,101760.0,12095.0,152,87
767,G-III Apparel Group,838,2807.0,17.6,62.1,19.6,1915.0,1849.0,9961,71
768,AMC Networks,763,2806.0,1.8,471.3,74.2,5033.0,3140.0,2039,-5
769,Enable Midstream Partners,870,2803.0,23.4,436.0,39.7,11593.0,5935.0,1630,101
770,Ciena,788,2802.0,7.7,1262.0,1638.6,3952.0,3719.0,5737,18
771,DSW,772,2800.0,3.3,67.3,-46.0,1414.0,1798.0,12000,1
772,Convergys,746,2792.0,-4.2,121.4,-15.1,2415.0,2073.0,115000,-26
774,Pool,791,2788.0,8.5,191.6,28.7,1101.0,5931.0,4000,17
775,Fossil Group,723,2788.0,-8.4,,-706.3,1658.0,618.0,12300,-52
776,Dominos Pizza,815,2788.0,12.8,277.9,29.5,837.0,10060.0,14200,39
777,Crane,767,2786.0,1.4,171.8,39.9,3594.0,5547.0,10600,-10
778,Caleres,790,2786.0,8.0,87.2,32.8,1489.0,1444.0,12000,12
779,Tempur Sealy International,709,2754.0,-12.0,151.4,-20.6,2694.0,2461.0,7000,-70
780,Tetra Tech,789,2753.0,6.6,117.9,40.7,1903.0,2734.0,16000,9
781,Illumina,833,2752.0,14.7,726.0,56.9,5257.0,34754.0,6200,52
782,Valmont Industries,804,2746.0,8.9,116.2,-32.9,2602.0,3322.0,10690,22
783,Hill-Rom Holdings,784,2744.0,3.3,133.6,7.7,4529.0,5757.0,10000,1
784,Unisys,756,2742.0,-2.8,,,2542.0,544.0,20500,-28
785,Zions Bancorp.,816,2736.0,10.8,592.0,26.2,66288.0,10362.0,10083,31
786,Sinclair Broadcast Group,769,2734.0,-0.1,576.0,134.8,6785.0,3185.0,8900,-17
787,Louisiana-Pacific,878,2734.0,22.4,389.8,160.2,2449.0,4173.0,5000,91
788,Mettler-Toledo International,810,2725.0,8.6,376.0,-2.2,2550.0,14635.0,14600,22
789,Synopsys,827,2725.0,12.5,136.6,-48.8,5396.0,12380.0,11686,38
790,Kemper,803,2723.0,8.0,120.9,619.6,8376.0,2933.0,5550,13
791,Cabot,829,2717.0,12.7,241.0,61.7,3314.0,3444.0,4500,38
792,Great Plains Energy,778,2708.0,1.2,,-136.6,12458.0,6856.0,2709,-14
793,Rent-A-Center,735,2703.0,-8.8,6.7,,1421.0,461.0,18300,-58
794,Hawaiian Holdings,819,2696.0,10.0,364.0,54.6,2860.0,1986.0,6660,25
795,Revlon,855,2694.0,15.4,,,3057.0,1085.0,7800,60
797,Public Storage,794,2669.0,4.2,1442.2,-0.8,10733.0,34885.0,5600,-3
798,TTM Technologies,800,2659.0,4.9,124.2,256.3,2782.0,1582.0,29000,2
799,Vectren,820,2657.0,8.5,216.0,2.1,6239.0,5310.0,5500,21
800,Trimble,844,2654.0,12.4,121.1,-8.5,4298.0,8920.0,9523,44
801,NOW,910,2648.0,25.7,,,1749.0,1104.0,4463,109
802,Spirit Airlines,860,2648.0,14.0,420.6,58.8,4144.0,2577.0,6100,58
803,ASGN,822,2626.0,7.6,157.7,62.2,1810.0,4272.0,3800,19
804,Lincoln Electric Holdings,868,2624.0,15.4,247.5,24.8,2407.0,5902.0,11000,64
805,Prologis,801,2618.0,3.4,1652.3,36.6,29481.0,33578.0,1565,-4
807,Teledyne Technologies,900,2604.0,21.1,227.2,19.0,3846.0,6682.0,10340,93
808,Vishay Intertechnology,858,2604.0,12.1,,-141.7,3459.0,2682.0,23000,50
809,Boston Properties,796,2602.0,2.0,462.4,-9.8,19372.0,19018.0,740,-13
810,Applied Industrial Technologies,806,2594.0,2.9,133.9,352.8,1388.0,2819.0,5554,-4
811,Graham Holdings,813,2592.0,4.4,302.0,79.2,4938.0,3312.0,16153,2
812,Amica Mutual Insurance,834,2590.0,8.0,96.1,-38.9,6355.0,,3693,22
814,ITT,830,2585.0,7.5,113.5,-39.0,3700.0,4343.0,10000,16
815,Kansas City Southern,854,2583.0,10.7,962.0,101.2,9199.0,11320.0,7130,39
816,MDC Holdings,857,2578.0,10.8,141.8,37.4,2780.0,1567.0,1491,41
817,Evergy,793,2571.0,0.3,323.9,-6.5,11624.0,7480.0,2205,-24
818,Pinnacle Entertainment,840,2562.0,7.7,63.1,,3950.0,1753.0,15377,22
819,Hawaiian Electric Industries,839,2556.0,7.3,165.3,-33.4,13100.0,3742.0,3880,20
820,TEGNA,671,2550.0,-23.7,273.7,-37.3,4962.0,2456.0,5283,-149
821,Southwest Gas Holdings,817,2549.0,3.6,193.8,27.5,6237.0,3259.0,7771,-4
822,Vista Outdoor,872,2547.0,12.2,,-286.7,2977.0,936.0,6400,50
823,Bon-Ton Stores,779,2541.0,-5.0,,,1587.0,1.0,23300,-44
824,Super Micro Computer,884,2530.0,14.2,69.3,-3.7,1489.0,828.0,2699,60
825,Plexus,795,2528.0,-1.1,112.1,46.6,1976.0,2012.0,16000,-30
826,TrueBlue,766,2509.0,-8.8,55.5,,1109.0,1063.0,5500,-60
827,Magellan Midstream Partners,889,2508.0,13.7,869.5,8.3,7394.0,13315.0,1802,62
828,Toro,836,2505.0,4.7,267.7,15.9,1494.0,6621.0,6779,8
829,Akamai Technologies,851,2503.0,7.0,218.3,-30.9,4603.0,12069.0,7650,22
830,Moog,828,2498.0,3.5,141.3,11.5,3091.0,2949.0,10675,-2
832,Equity Residential,825,2471.0,1.9,603.5,-85.9,20571.0,22687.0,2683,-7
833,Selective Insurance Group,865,2470.0,8.1,168.8,6.5,7686.0,3566.0,2260,32
834,AptarGroup,856,2469.0,5.9,220.0,7.0,3138.0,5600.0,13200,22
835,Benchmark Electronics,863,2467.0,6.8,,-149.9,2097.0,1455.0,10600,28
836,Columbia Sportswear,841,2466.0,3.7,105.1,-45.2,2213.0,5351.0,6188,5
837,A. Schulman,811,2461.0,-1.4,33.0,,1754.0,1270.0,4900,-26
838,Verso,786,2461.0,-6.8,,,1732.0,580.0,4200,-52
839,Digital Realty Trust,901,2458.0,14.7,248.3,-41.7,21404.0,21701.0,1429,62
840,GNC Holdings,797,2453.0,-3.4,,,1517.0,323.0,11500,-43
841,E*Trade Financial,930,2452.0,21.0,614.0,11.2,63365.0,14692.0,3607,89
842,Hovnanian Enterprises,765,2452.0,-10.9,,,1901.0,271.0,1905,-77
843,Maximus,832,2451.0,2.0,209.4,17.4,1351.0,4353.0,20400,-11
844,Twitter,802,2443.0,-3.4,,,7413.0,21784.0,3372,-42
845,Par Pacific Holdings,974,2443.0,31.0,72.6,,1347.0,784.0,905,129
846,Parexel International,824,2442.0,0.6,107.3,-30.7,2313.0,,18900,-22
847,RH,902,2440.0,14.3,2.2,-59.6,1733.0,2050.0,4750,55
849,Knight-Swift Transportation Holdings,586,2426.0,116.9,484.3,416.0,7683.0,8199.0,25300,-263
850,Red Hat,920,2412.0,17.5,253.7,27.3,4535.0,26464.0,10500,70
851,Belden,846,2389.0,1.4,93.2,-27.2,3841.0,2891.0,8800,-5
852,Boyd Gaming,894,2384.0,9.1,189.2,-54.7,4686.0,3589.0,19707,42
853,Primoris Services,938,2380.0,19.2,72.4,170.8,1256.0,1287.0,7102,85
855,Donaldson,882,2372.0,6.8,232.8,22.0,1980.0,5851.0,13200,27
856,Party City Holdco,866,2372.0,3.9,215.3,83.3,3455.0,1504.0,14600,10
857,J.Crew Group,826,2370.0,-2.3,,,1201.0,0.0,8950,-31
858,EnerSys,861,2367.0,2.2,160.2,17.7,2293.0,2907.0,9400,3
859,Guess,887,2364.0,7.9,,-134.7,1656.0,1667.0,14700,28
861,WGL Holdings,848,2355.0,0.2,192.6,14.9,6626.0,4296.0,1586,-13
862,Wolverine World Wide,812,2350.0,-5.8,0.3,-99.7,2399.0,2753.0,3700,-50
863,Xilinx,885,2349.0,6.1,622.5,13.0,4741.0,18408.0,3831,22
864,Vornado Realty Trust,809,2345.0,-6.6,227.4,-74.9,17398.0,12786.0,3989,-55
865,Middleby,873,2336.0,3.0,298.1,4.9,3340.0,6896.0,8493,8
866,MPM Holdings,879,2331.0,4.4,0.0,,2717.0,1282.0,5200,13
867,Cleveland-Cliffs,907,2330.2,10.5,367.0,110.8,2953.4,2067.0,2938,40
868,GGP,849,2328.0,-0.8,657.3,-49.0,23350.0,19581.0,1700,-19
869,Cypress Semiconductor,959,2328.0,21.0,,,3537.0,6021.0,6099,90
870,Arch Coal,946,2325.0,17.7,238.5,,1980.0,1913.0,3790,76
871,GMS,976,2319.0,24.8,48.9,289.1,1393.0,1254.0,4464,105
872,Waters,899,2309.0,6.5,20.3,-96.1,5340.0,15553.0,7000,27
873,H.B. Fuller,913,2306.0,10.1,58.2,-53.1,4361.0,2513.0,5965,40
874,Affiliated Managers Group,892,2305.0,5.0,689.5,45.8,8702.0,10331.0,4400,18
875,PerkinElmer,875,2301.0,1.8,292.6,24.9,6092.0,8367.0,11000,0
876,Edgewell Personal Care,845,2298.0,-2.7,5.7,-96.8,4189.0,2636.0,6000,-31
877,Maxim Integrated Products,891,2296.0,4.6,571.6,151.3,4570.0,16935.0,7040,14
878,Knights of Columbus,880,2290.0,2.8,108.1,21.9,24954.0,,926,2
879,IDEX,906,2287.0,8.2,337.3,24.4,3400.0,10916.0,7167,27
880,DST Systems,847,2284.0,-3.0,451.5,5.7,2938.0,4962.0,14200,-33
881,Chicos FAS,814,2282.0,-7.8,101.0,10.7,1088.0,1152.0,12350,-67
882,Nu Skin Enterprises,888,2279.0,3.2,129.4,-9.5,1590.0,3888.0,48700,6
883,Herman Miller,874,2278.0,0.6,123.9,-9.4,1306.0,1907.0,7478,-9
884,NLV Financial,943,2275.0,14.4,259.9,66.6,30209.0,,1065,59
885,Curtiss-Wright,908,2271.0,7.7,214.9,14.7,3236.0,5976.0,8600,23
886,New Jersey Resources,970,2269.0,20.6,132.1,0.3,3929.0,3513.0,1052,84
887,REV Group,957,2268.0,17.7,31.4,3.9,1254.0,1341.0,7800,70
888,Mueller Industries,919,2266.0,10.2,85.6,-14.2,1320.0,1505.0,4125,31
889,GEO Group,895,2263.0,3.9,146.2,-1.7,4227.0,2531.0,18512,6
890,Allison Transmission Holdings,984,2262.0,22.9,504.0,134.5,4205.0,5404.0,2700,94
891,OGE Energy,876,2261.0,0.1,619.0,83.0,10413.0,6544.0,2413,-15
892,Cheesecake Factory,867,2261.0,-0.7,157.4,12.8,1333.0,2213.0,39100,-25
894,Tupperware Brands,886,2255.8,1.9,,-218.7,1388.0,2473.0,12000,-8
895,Euronet Worldwide,950,2252.0,15.0,156.8,-10.1,3140.0,4058.0,6600,55
896,FLEETCOR Technologies,988,2250.0,22.8,740.2,63.6,11318.0,18186.0,7890,92
897,Nationstar Mortgage Holdings,852,2247.0,-4.0,30.0,57.9,18036.0,1755.0,7600,-45
898,GoDaddy,980,2232.0,20.8,136.4,,5738.0,10315.0,5990,82
899,Blackhawk Network Holdings,966,2232.0,17.5,,-3444.1,4140.0,2529.0,3190,67
901,Snyders-Lance,862,2227.0,-3.8,148.5,897.6,3618.0,,5900,-39
902,Murphy Oil,972,2226.0,18.8,,,9861.0,4471.0,1128,70
903,CDK Global,905,2220.0,5.0,295.6,23.5,2883.0,8523.0,8900,2
904,Texas Roadhouse,942,2220.0,11.5,131.5,13.8,1331.0,4123.0,29524,38
907,Genesee & Wyoming,937,2208.0,10.3,549.1,289.0,8035.0,4435.0,8000,30
909,NewMarket,921,2198.0,7.3,190.5,-21.7,1712.0,4731.0,2223,12
910,99 Cents Only Stores,929,2194.0,6.4,,,1537.0,0.0,17200,19
911,PCM,877,2193.0,-2.5,3.1,-82.4,740.0,98.0,4118,-34
912,Federated Mutual Insurance,918,2181.0,5.8,217.6,-4.9,7630.0,,2388,6
913,HNI,890,2176.0,-1.3,89.8,4.9,1392.0,1568.0,9350,-23
914,Hospitality Properties Trust,922,2172.0,6.1,215.1,-3.6,7150.0,4165.0,450,8
915,Greenbrier Cos.,777,2169.0,-19.0,116.1,-36.6,2398.0,1442.0,11917,-138
916,Bio-Rad Laboratories,917,2160.0,4.4,122.2,370.2,4273.0,7443.0,8150,1
917,AvalonBay Communities,923,2159.0,5.5,876.9,-15.2,18415.0,22711.0,3123,6
918,Renewable Energy Group,924,2158.0,5.7,,-278.4,10056.0,497.0,853,6
919,Atlas Air Worldwide Holdings,985,2157.0,17.2,223.5,438.3,4956.0,1538.0,2870,66
920,Teradata,859,2156.0,-7.1,,-153.6,2556.0,4797.0,10615,-61
922,Teleflex,973,2146.0,14.9,152.5,-35.7,6182.0,11806.0,14400,51
923,Verisk Analytics,909,2145.0,1.8,555.1,-6.1,6020.0,17162.0,7192,-14
924,Popular,955,2145.0,11.0,107.7,-50.3,44277.0,4253.0,7784,31
926,Cooper Cos.,948,2139.0,8.8,372.9,36.1,4859.0,11217.0,11800,22
927,Express,893,2138.0,-2.5,19.4,-66.3,1188.0,564.0,9576,-34
929,Werner Enterprises,934,2117.0,5.4,202.9,156.4,1808.0,2645.0,12154,5
931,Woodward,931,2099.0,3.7,200.5,10.9,2757.0,4391.0,6829,0
932,F5 Networks,940,2090.0,4.8,420.8,15.0,2481.0,8943.0,4366,8
934,Roadrunner Transportation Systems,947,2082.0,2.4,,,863.0,98.0,4645,13
936,Catalent,979,2075.0,12.3,109.8,-1.5,3454.0,5474.0,10800,43
938,Universal,904,2071.0,-2.3,106.3,-2.5,2123.0,1215.0,24000,-34
939,Nordson,996,2067.0,14.3,295.8,8.8,3415.0,7904.0,7532,57
940,ResMed,986,2067.0,12.4,342.3,-2.9,3469.0,14074.0,6080,46
941,Tower International,927,2066.0,1.6,47.6,23.4,1260.0,570.0,7600,-14
942,Freds,903,2064.0,-2.9,,,655.0,114.0,7324,-39
944,Kennametal,912,2058.0,-1.9,49.1,,2416.0,3276.0,10744,-32
945,Autodesk,928,2057.0,1.3,,,4114.0,27418.0,8800,-17
946,Ply Gem Holdings,961,2056.0,7.6,68.3,-9.5,1320.0,1481.0,9471,15
947,Central Garden & Pet,989,2055.0,12.3,78.8,77.1,1307.0,2099.0,4050,42
948,Matson,954,2047.0,5.4,232.0,188.2,2248.0,1222.0,1947,6
949,EchoStar,719,2039.0,-33.3,392.6,118.2,8750.0,5061.0,2100,-230
952,Itron,933,2018.0,0.2,57.3,80.4,2106.0,2799.0,7150,-19
953,Portland General Electric,960,2009.0,4.5,187.0,-3.1,7838.0,3614.0,2906,7
955,Esterline Technologies,932,2005.0,-0.5,111.6,13.9,3120.0,2174.0,13255,-23
956,Delta Tucker Holdings,987,2004.0,9.2,30.6,,736.0,,8800,31
957,AMN Healthcare Services,964,1989.0,4.5,132.6,25.2,1254.0,2714.0,2980,7
958,Griffon,951,1986.0,1.5,14.9,-50.3,1874.0,866.0,4700,-7
960,Hexcel,936,1973.0,-1.5,284.0,13.7,2781.0,5791.0,6259,-24
962,Deluxe,978,1966.0,6.3,230.2,0.3,2209.0,3539.0,5886,16
965,Stewart Information Services,935,1956.0,-2.5,48.7,-12.3,1406.0,1042.0,5960,-30
966,Marriott Vacations Worldwide,994,1952.0,7.8,226.8,65.1,2906.0,3535.0,11000,28
967,SPX FLOW,939,1952.0,-2.2,46.4,,2689.0,2091.0,7000,-28
970,Cadence Design Systems,992,1943.0,7.0,204.1,0.5,2419.0,10415.0,7214,22
971,Nuance Communications,953,1939.0,-0.5,,,5932.0,4626.0,11600,-18
972,Finish Line,968,1934.0,2.4,,-183.2,747.0,559.0,8200,-4
976,Engility Holdings,915,1932.0,-7.0,,,2026.0,899.0,8700,-61
977,Ferrellgas Partners,926,1930.0,-5.3,,,1610.0,303.0,3891,-51
980,Oceaneering International,871,1922.0,-15.4,166.4,576.8,3024.0,1827.0,8200,-109
982,Rexnord,958,1918.0,-0.3,74.1,9.1,3539.0,3086.0,8000,-24
983,Beazer Homes USA,990,1916.0,5.2,31.8,577.9,2221.0,536.0,1100,7
992,VeriFone Systems,941,1871.0,-6.1,,,2322.0,1698.0,5600,-51
994,Tribune Media,896,1867.0,-14.1,194.1,1262.6,8169.0,3544.0,6000,-98
998,CoreLogic,952,1851.0,-5.2,152.2,42.8,4077.0,3694.0,5900,-46
1000,HCP,798,1848.0,-27.2,414.2,-34.0,14089.0,10910.0,190,-202
